-- esse script foi desenvolvida para melhorar os resultados das consultas de media-alta complexidade
INSERT INTO
  usuario
VALUES
  (
    '123.456.789-09',
    'Tutor 1',
    'tutor1@gmail.com',
    '123456',
    'tutor',
    '1990-01-01',
    'Rua dos Tutor 1, 1',
    '(12) 3456-7890',
    'Português',
    'Inglês',
    'http://example.com',
    '1234567890123456',
    '01/2022',
    '123',
    '123.456.789-09',
    'Tutor 1',
    'ativo',
    '2018-01-01',
    '2018-01-01'
  ),
  (
    '123.456.789-10',
    'Tutor 2',
    'tutor2@gmail.com',
    '123456',
    'tutor',
    '1990-01-01',
    'Rua dos Tutor 2, 2',
    '(12) 3456-7890',
    'Português',
    'Inglês',
    'http://example.com',
    '1234567890123456',
    '01/2022',
    '123',
    '123.456.789-10',
    'Tutor 2',
    'ativo',
    '2018-01-01',
    '2018-01-01'
  ),
  (
    '123.456.789-11',
    'Tutor 3',
    'tutor3@gmail.com',
    '123456',
    'tutor',
    '1990-01-01',
    'Rua dos Tutor 3, 3',
    '(12) 3456-7890',
    'Português',
    'Inglês',
    'http://example.com',
    '1234567890123456',
    '01/2022',
    '123',
    '123.456.789-11',
    'Tutor 3',
    'ativo',
    '2018-01-01',
    '2018-01-01'
  ),
  (
    '123.456.789-12',
    'Tutor 4',
    'tutor4@gmail.com',
    '123456',
    'tutor',
    '1990-01-01',
    'Rua dos Tutor 4, 4',
    '(12) 3456-7890',
    'Português',
    'Inglês',
    'http://example.com',
    '1234567890123456',
    '01/2022',
    '123',
    '123.456.789-12',
    'Tutor 4',
    'ativo',
    '2018-01-01',
    '2018-01-01'
  ),
  (
    '123.456.789-13',
    'Tutor 5',
    'tutor5@gmail.com',
    '123456',
    'tutor',
    '1990-01-01',
    'Rua dos Tutor 5, 5',
    '(12) 3456-7890',
    'Português',
    'Inglês',
    'http://example.com',
    '1234567890123456',
    '01/2022',
    '123',
    '123.456.789-13',
    'Tutor 5',
    'ativo',
    '2018-01-01',
    '2018-01-01'
  ),
  (
    '123.456.789-14',
    'Tutor 6',
    'tutor6@gmail.com',
    '123456',
    'tutor',
    '1990-01-01',
    'Rua dos Tutor 6, 6',
    '(12) 3456-7890',
    'Português',
    'Inglês',
    'http://example.com',
    '1234567890123456',
    '01/2022',
    '123',
    '123.456.789-14',
    'Tutor 6',
    'ativo',
    '2018-01-01',
    '2018-01-01'
  ),
  (
    '123.456.789-15',
    'Tutor 7',
    'tutor7@gmail.com',
    '123456',
    'tutor',
    '1990-01-01',
    'Rua dos Tutor 7, 7',
    '(12) 3456-7890',
    'Português',
    'Inglês',
    'http://example.com',
    '1234567890123456',
    '01/2022',
    '123',
    '123.456.789-15',
    'Tutor 7',
    'ativo',
    '2018-01-01',
    '2018-01-01'
  ),
  (
    '123.456.789-16',
    'Tutor 8',
    'tutor8@gmail.com',
    '123456',
    'tutor',
    '1990-01-01',
    'Rua dos Tutor 8, 8',
    '(12) 3456-7890',
    'Português',
    'Inglês',
    'http://example.com',
    '1234567890123456',
    '01/2022',
    '123',
    '123.456.789-16',
    'Tutor 8',
    'ativo',
    '2018-01-01',
    '2018-01-01'
  ),
  (
    '123.456.789-17',
    'Tutor 9',
    'tutor9@gmail.com',
    '123456',
    'tutor',
    '1990-01-01',
    'Rua dos Tutor 9, 9',
    '(12) 3456-7890',
    'Português',
    'Inglês',
    'http://example.com',
    '1234567890123456',
    '01/2022',
    '123',
    '123.456.789-17',
    'Tutor 9',
    'ativo',
    '2018-01-01',
    '2018-01-01'
  ),
  (
    '123.456.789-18',
    'Arnaldo Voluntario',
    'tutor10@gmail.com',
    '123456',
    'tutor',
    '1990-01-01',
    'Rua dos Tutor 10, 10',
    '(12) 3456-7890',
    'Português',
    'Inglês',
    'http://example.com',
    '1234567890123456',
    '01/2022',
    '123',
    '123.456.789-18',
    'Arnaldo Voluntario',
    'ativo',
    '2018-01-01',
    '2018-01-01'
  ),
  (
    '123.456.789-19',
    'Arnaldo Especialista',
    'arnaldo@gmail.com',
    '123456',
    'tutor',
    '1990-01-01',
    'Rua dos Arnaldo, 11',
    '(12) 3456-7890',
    'Português',
    'Inglês',
    'http://example.com',
    '1234567890123456',
    '01/2022',
    '123',
    '123.456.789-19',
    'Arnaldo Especialista',
    'ativo',
    '2018-01-01',
    '2018-01-01'
  ),
  (
    '123.456.789-20',
    'Aluno 1',
    'arnalduno1@gmail.com',
    '123456',
    'aluno',
    '1990-01-01',
    'Rua dos Aluno 1, 1',
    '(12) 3456-7890',
    'Português',
    'Inglês',
    'http://example.com',
    '1234567890123456',
    '01/2022',
    '123',
    '123.456.789-20',
    'Aluno 1',
    'ativo',
    '2018-01-01',
    '2018-01-01'
  ),
  (
    '123.456.789-21',
    'Aluno 2',
    'arnalduno2@gmail.com',
    '123456',
    'aluno',
    '1990-01-01',
    'Rua dos Aluno 2, 2',
    '(12) 3456-7890',
    'Português',
    'Inglês',
    'http://example.com',
    '1234567890123456',
    '01/2022',
    '123',
    '123.456.789-21',
    'Aluno 2',
    'ativo',
    '2018-01-01',
    '2018-01-01'
  ),
  (
    '987.654.321-12',
    'Aluno 3',
    'aluno3@gmail.com',
    '654321',
    'aluno',
    '1992-02-02',
    'Rua dos Aluno 3, 3',
    '(12) 3456-7891',
    'Ingles',
    'Espanhol',
    'http://example.com',
    '1234567890123456',
    '01/2022',
    '123',
    '987.654.321-12',
    'Aluno 3',
    'ativo',
    '2018-01-01',
    '2018-01-01'
  ),
  (
    '234.567.890-23',
    'Aluno 4',
    'aluno4@gmail.com',
    '567890',
    'aluno',
    '1994-03-03',
    'Rua dos Aluno 4, 4',
    '(12) 3456-7892',
    'Ingles',
    'Francês',
    'http://example.com',
    '1234567890123456',
    '01/2022',
    '123',
    '234.567.890-23',
    'Aluno 4',
    'ativo',
    '2018-01-01',
    '2018-01-01'
  ),
  (
    '876.543.210-34',
    'Aluno 5',
    'aluno5@gmail.com',
    '432109',
    'aluno',
    '1996-04-04',
    'Rua dos Aluno 5, 5',
    '(12) 3456-7893',
    'Ingles',
    'Alemão',
    'http://example.com',
    '1234567890123456',
    '01/2022',
    '123',
    '876.543.210-34',
    'Aluno 5',
    'ativo',
    '2018-01-01',
    '2018-01-01'
  ),
  (
    '345.678.901-45',
    'Aluno 6',
    'aluno6@gmail.com',
    '321098',
    'aluno',
    '1998-05-05',
    'Rua dos Aluno 6, 6',
    '(12) 3456-7894',
    'Ingles',
    'Italiano',
    'http://example.com',
    '1234567890123456',
    '01/2022',
    '123',
    '345.678.901-45',
    'Aluno 6',
    'ativo',
    '2018-01-01',
    '2018-01-01'
  ),
  (
    '765.432.109-56',
    'Aluno 7',
    'aluno7@gmail.com',
    '210987',
    'aluno',
    '2000-06-06',
    'Rua dos Aluno 7, 7',
    '(12) 3456-7895',
    'Ingles',
    'Mandarim',
    'http://example.com',
    '1234567890123456',
    '01/2022',
    '123',
    '765.432.109-56',
    'Aluno 7',
    'ativo',
    '2018-01-01',
    '2018-01-01'
  ),
  (
    '456.789.012-67',
    'Aluno 8',
    'aluno8@gmail.com',
    '109876',
    'aluno',
    '2002-07-07',
    'Rua dos Aluno 8, 8',
    '(12) 3456-7896',
    'Ingles',
    'Russo',
    'http://example.com',
    '1234567890123456',
    '01/2022',
    '123',
    '456.789.012-67',
    'Aluno 8',
    'ativo',
    '2018-01-01',
    '2018-01-01'
  ),
  (
    '654.321.098-78',
    'Aluno 9',
    'aluno9@gmail.com',
    '098765',
    'aluno',
    '2004-08-08',
    'Rua dos Aluno 9, 9',
    '(12) 3456-7897',
    'Ingles',
    'Coreano',
    'http://example.com',
    '1234567890123456',
    '01/2022',
    '123',
    '654.321.098-78',
    'Aluno 9',
    'ativo',
    '2018-01-01',
    '2018-01-01'
  ),
  (
    '234.567.890-89',
    'Aluno 10',
    'aluno10@gmail.com',
    '987654',
    'aluno',
    '2006-09-09',
    'Rua dos Aluno 10, 10',
    '(12) 3456-7898',
    'Ingles',
    'Holandês',
    'http://example.com',
    '1234567890123456',
    '01/2022',
    '123',
    '234.567.890-89',
    'Aluno 10',
    'ativo',
    '2018-01-01',
    '2018-01-01'
  );

-- inserir todos os alunos acima
/*Aluno ={usuario, assinante*}  */
INSERT INTO
  aluno
VALUES
  ('123.456.789-20', TRUE),
  ('123.456.789-21', TRUE),
  ('987.654.321-12', TRUE),
  ('234.567.890-23', TRUE),
  ('876.543.210-34', TRUE),
  ('345.678.901-45', TRUE),
  ('765.432.109-56', TRUE),
  ('456.789.012-67', TRUE),
  ('654.321.098-78', TRUE),
  ('234.567.890-89', TRUE);

-- inserir todos os alunos acima nos cursos tutorados por Arnaldo VOluntario
/*AlunoCursa = { aluno, curso, avaliação, nota, data_hora* }*/
/*Tutor = { usuário, tipo*, cadastrado_por* }*/
INSERT INTO
  tutor
VALUES
  (
    '123.456.789-09',
    'especialista',
    '123.456.789-02'
  ),
  (
    '123.456.789-10',
    'especialista',
    '123.456.789-06'
  ),
  (
    '123.456.789-11',
    'especialista',
    '123.456.789-02'
  ),
  (
    '123.456.789-12',
    'especialista',
    '123.456.789-06'
  ),
  (
    '123.456.789-13',
    'especialista',
    '123.456.789-02'
  ),
  (
    '123.456.789-19',
    'especialista',
    '123.456.789-06'
  ),
  ('123.456.789-14', 'voluntario', '123.456.789-06'),
  ('123.456.789-15', 'voluntario', '123.456.789-02'),
  ('123.456.789-16', 'voluntario', '123.456.789-06'),
  ('123.456.789-17', 'voluntario', '123.456.789-02'),
  ('123.456.789-18', 'voluntario', '123.456.789-06');

/*Voluntário = { tutor, motivação }*/
INSERT INTO
  voluntario
VALUES
  ('123.456.789-14', 'Motivação 1'),
  ('123.456.789-15', 'Motivação 2'),
  ('123.456.789-16', 'Motivação 3'),
  ('123.456.789-17', 'Motivação 4'),
  ('123.456.789-18', 'Motivação 5');

/*Especialista = { tutor, taxa*, currículo_acadêmico*, conta_nro_banco*, conta_agência*, conta_nro* }*/
INSERT INTO
  especialista
VALUES
  (
    '123.456.789-09',
    10.0,
    'Currículo 1',
    '1234567890123456',
    '1234',
    '123456'
  ),
  (
    '123.456.789-10',
    10.0,
    'Currículo 2',
    '1234567890123456',
    '1234',
    '123456'
  ),
  (
    '123.456.789-11',
    10.0,
    'Currículo 3',
    '1234567890123456',
    '1234',
    '123456'
  ),
  (
    '123.456.789-12',
    10.0,
    'Currículo 4',
    '1234567890123456',
    '1234',
    '123456'
  ),
  (
    '123.456.789-13',
    10.0,
    'Currículo 5',
    '1234567890123456',
    '1234',
    '123456'
  ),
  (
    '123.456.789-19',
    10.0,
    'Currículo 6',
    '1234567890123456',
    '1234',
    '123456'
  );

-- insert a curso for each especialista above
/*Curso = { código, título*, categoria*, descrição*, nível_dificuldade*, média_aval, criado_por* }*/
-- codigo is something like: CELIN-WA01
INSERT INTO
  curso
VALUES
  (
    'CELIN-WA02',
    'Curso 1',
    'Categoria 1',
    'Descrição 1',
    1,
    8.0,
    '123.456.789-09'
  ),
  (
    'CELIN-WA03',
    'Curso 2',
    'Categoria 2',
    'Descrição 2',
    5,
    6.0,
    '123.456.789-10'
  ),
  (
    'CELIN-WA04',
    'Curso 3',
    'Categoria 3',
    'Descrição 3',
    4,
    7.0,
    '123.456.789-11'
  ),
  (
    'CELIN-WA05',
    'Curso 4',
    'Categoria 4',
    'Descrição 4',
    4,
    5.0,
    '123.456.789-12'
  ),
  (
    'CELIN-WA06',
    'Curso 5',
    'Categoria 5',
    'Descrição 5',
    3,
    6.0,
    '123.456.789-13'
  ),
  -- cursos do arnaldo
  (
    'CELIN-WA07',
    'Curso 6',
    'Categoria 6',
    'Descrição 6',
    3,
    8.0,
    '123.456.789-19'
  ),
  (
    'CELIN-WA08',
    'Curso 7',
    'Categoria 7',
    'Descrição 7',
    3,
    2.0,
    '123.456.789-19'
  ),
  (
    'CELIN-WA09',
    'Curso 8',
    'Categoria 8',
    'Descrição 8',
    3,
    3.0,
    '123.456.789-19'
  ),
  (
    'CELIN-WA10',
    'Curso 9',
    'Categoria 9',
    'Descrição 9',
    3,
    9.9,
    '123.456.789-19'
  ),
  (
    'CELIN-WA11',
    'Curso 10',
    'Categoria 10',
    'Descrição 10',
    3,
    9.9,
    '123.456.789-19'
  );

/*Tutoria = { curso, voluntário }*/
INSERT INTO
  tutoria
VALUES
  ('CELIN-WA02', '123.456.789-14'),
  ('CELIN-WA03', '123.456.789-15'),
  ('CELIN-WA04', '123.456.789-16'),
  ('CELIN-WA05', '123.456.789-17'),
  ('CELIN-WA06', '123.456.789-18'),
  ('CELIN-WA07', '123.456.789-18'),
  ('CELIN-WA08', '123.456.789-18'),
  ('CELIN-WA09', '123.456.789-18'),
  ('CELIN-WA10', '123.456.789-18'),
  ('CELIN-WA11', '123.456.789-18');

INSERT INTO
  aluno_cursa
VALUES
  (
    '123.456.789-20',
    'CELIN-WA07',
    6,
    7,
    '2018-01-01 00:00:00'
  ),
  (
    '123.456.789-20',
    'CELIN-WA02',
    8,
    2,
    '2018-01-01 00:00:00'
  ),
  (
    '123.456.789-20',
    'CELIN-WA04',
    7,
    1,
    '2018-01-01 00:00:00'
  ),
  (
    '123.456.789-20',
    'CELIN-WA05',
    6,
    6,
    '2018-01-01 00:00:00'
  ),
  (
    '123.456.789-20',
    'CELIN-WA06',
    8,
    2,
    '2018-01-01 00:00:00'
  ),
  (
    '123.456.789-21',
    'CELIN-WA08',
    10,
    10,
    '2018-01-01 00:00:00'
  ),
  (
    '987.654.321-12',
    'CELIN-WA09',
    9,
    10,
    '2018-01-01 00:00:00'
  ),
  (
    '234.567.890-23',
    'CELIN-WA10',
    1,
    3,
    '2018-01-01 00:00:00'
  ),
  (
    '876.543.210-34',
    'CELIN-WA11',
    5,
    5,
    '2018-01-01 00:00:00'
  ),
  (
    '345.678.901-45',
    'CELIN-WA07',
    5,
    6,
    '2018-01-01 00:00:00'
  ),
  (
    '765.432.109-56',
    'CELIN-WA08',
    7,
    7,
    '2018-01-01 00:00:00'
  ),
  (
    '456.789.012-67',
    'CELIN-WA09',
    8,
    2,
    '2018-01-01 00:00:00'
  ),
  (
    '654.321.098-78',
    'CELIN-WA10',
    4,
    6,
    '2018-01-01 00:00:00'
  ),
  (
    '234.567.890-89',
    'CELIN-WA11',
    7,
    8,
    '2018-01-01 00:00:00'
  );

-- tutorias personalizadas
/*TutoriaPersonalizada = { recurso_pago_curso, recurso_pago_nome, assunto* }*/
/*Agendamento = { aluno, especialista, data_hora, tutoria_personalizada_curso*, tutoria_personalizada_nome* }*/
/*AdministraRecurso = { recurso_curso, recurso_nome, especialista }*/
/*AlunoAcessoRecursoPago = { aluno, recurso_pago_curso, recurso_pago_nome }*/
/*RecursoPago = { recurso_curso, recurso_nome, preço_único*, tipo* }*/
/*Recurso = { curso, nome, descrição, tipo* }*/
-- inserir recursos do tipo pago com nome tutoria personalizada de curso para os cursos CELIN-WA06 até CELIN-WA11
INSERT INTO
  recurso
VALUES
  (
    'CELIN-WA06',
    'Tutoria Personalizada de Curso6',
    'Tutoria Personalizada de Curso',
    'pago'
  ),
  (
    'CELIN-WA07',
    'Tutoria Personalizada de Curso7',
    'Tutoria Personalizada de Curso',
    'pago'
  ),
  (
    'CELIN-WA08',
    'Tutoria Personalizada de Curso8',
    'Tutoria Personalizada de Curso',
    'pago'
  ),
  (
    'CELIN-WA09',
    'Tutoria Personalizada de Curso9',
    'Tutoria Personalizada de Curso',
    'pago'
  ),
  (
    'CELIN-WA10',
    'Tutoria Personalizada de Curso10',
    'Tutoria Personalizada de Curso',
    'pago'
  ),
  (
    'CELIN-WA11',
    'Tutoria Personalizada de Curso11',
    'Tutoria Personalizada de Curso',
    'pago'
  );

-- inserir os recursos acima em recurso_pago
INSERT INTO
  recurso_pago
VALUES
  (
    'CELIN-WA06',
    'Tutoria Personalizada de Curso6',
    9.9,
    'tutoria_personalizada'
  ),
  (
    'CELIN-WA07',
    'Tutoria Personalizada de Curso7',
    9.9,
    'tutoria_personalizada'
  ),
  (
    'CELIN-WA08',
    'Tutoria Personalizada de Curso8',
    9.9,
    'tutoria_personalizada'
  ),
  (
    'CELIN-WA09',
    'Tutoria Personalizada de Curso9',
    9.9,
    'tutoria_personalizada'
  ),
  (
    'CELIN-WA10',
    'Tutoria Personalizada de Curso10',
    9.9,
    'tutoria_personalizada'
  ),
  (
    'CELIN-WA11',
    'Tutoria Personalizada de Curso11',
    9.9,
    'tutoria_personalizada'
  );

-- inserir os recursos acima em tutoria_personalizada
INSERT INTO
  tutoria_personalizada
VALUES
  (
    'CELIN-WA06',
    'Tutoria Personalizada de Curso6',
    'Tutoria Personalizada de Curso'
  ),
  (
    'CELIN-WA07',
    'Tutoria Personalizada de Curso7',
    'Tutoria Personalizada de Curso'
  ),
  (
    'CELIN-WA08',
    'Tutoria Personalizada de Curso8',
    'Tutoria Personalizada de Curso'
  ),
  (
    'CELIN-WA09',
    'Tutoria Personalizada de Curso9',
    'Tutoria Personalizada de Curso'
  ),
  (
    'CELIN-WA10',
    'Tutoria Personalizada de Curso10',
    'Tutoria Personalizada de Curso'
  ),
  (
    'CELIN-WA11',
    'Tutoria Personalizada de Curso11',
    'Tutoria Personalizada de Curso'
  );

/*Agendamento = { aluno, especialista, data_hora, tutoria_personalizada_curso*, tutoria_personalizada_nome* }*/
-- inserir em agendamento os alunos de cursos com tutorias personalizadas criadas acima
INSERT INTO
  agendamento
VALUES
  (
    '876.543.210-34',
    '123.456.789-09',
    '2018-01-01 00:00:00',
    'CELIN-WA06',
    'Tutoria Personalizada de Curso6'
  ),
  (
    '876.543.210-34',
    '123.456.789-09',
    '2018-01-01 00:20:00',
    'CELIN-WA07',
    'Tutoria Personalizada de Curso7'
  ),
  (
    '876.543.210-34',
    '123.456.789-09',
    '2018-01-01 00:30:00',
    'CELIN-WA08',
    'Tutoria Personalizada de Curso8'
  ),
  (
    '876.543.210-34',
    '123.456.789-09',
    '2018-01-01 00:40:00',
    'CELIN-WA09',
    'Tutoria Personalizada de Curso9'
  ),
  (
    '876.543.210-34',
    '123.456.789-09',
    '2018-01-01 00:50:00',
    'CELIN-WA10',
    'Tutoria Personalizada de Curso10'
  ),
  (
    '876.543.210-34',
    '123.456.789-09',
    '2018-01-01 00:55:00',
    'CELIN-WA11',
    'Tutoria Personalizada de Curso11'
  );

-- inserir em administra_recurso o especialista 123.456.789-09 em cada curso com tutoria personalizada criado acima
INSERT INTO
  administra_recurso
VALUES
  (
    'CELIN-WA06',
    'Tutoria Personalizada de Curso6',
    '123.456.789-09'
  ),
  (
    'CELIN-WA07',
    'Tutoria Personalizada de Curso7',
    '123.456.789-09'
  ),
  (
    'CELIN-WA08',
    'Tutoria Personalizada de Curso8',
    '123.456.789-09'
  ),
  (
    'CELIN-WA09',
    'Tutoria Personalizada de Curso9',
    '123.456.789-09'
  ),
  (
    'CELIN-WA10',
    'Tutoria Personalizada de Curso10',
    '123.456.789-09'
  ),
  (
    'CELIN-WA11',
    'Tutoria Personalizada de Curso11',
    '123.456.789-09'
  );